Телефон;Коментар
066 599-05-73;Замовлення №10000
+380 99 918 1075;Замовлення №10001
380954312329;Замовлення №10002
380978066204;Замовлення №10003
+380 68 689 9991;Замовлення №10004
380985847232;Замовлення №10005
(098) 777 3870;Замовлення №10006
+380668349820;Замовлення №10007
+380635871408;Замовлення №10008
+380971629868;Замовлення №10009
(067) 114 2994;Замовлення №10010
+380681789943;Замовлення №10011
+380681789943;Замовлення №10012
(066) 115 7791;Замовлення №10013
+380674963905;Замовлення №10014
+380934479592;Замовлення №10015
+380934164636;Замовлення №10016
068 899-57-44;Замовлення №10017
+380996364244;Замовлення №10018
+488 88 036 014;Замовлення №10019
+380633301107;Замовлення №10020
(068) 201 9057;Замовлення №10021
+380737987849;Замовлення №10022
+380 00 000 00 00;Замовлення №10023
(073) 534 8048;Замовлення №10024
073 170-12-55;Замовлення №10025
+380 95 049 4020;Замовлення №10026
380687303462;Замовлення №10027
+380500213003;Замовлення №10028
380507263916;Замовлення №10029
+380672050500;Замовлення №10030
+380933937981;Замовлення №10031
096 776-83-59;Замовлення №10032
096 102-81-24;Замовлення №10033
+380 96 705 4756;Замовлення №10034
+380501442101;Замовлення №10035
380954377648;Замовлення №10036
+380507012620;Замовлення №10037
380999053789;Замовлення №10038
050 094-47-17;Замовлення №10039
096 819-52-36;Замовлення №10040
380733868944;Замовлення №10041
+380 95 346 9610;Замовлення №10042
+380668217944;Замовлення №10043
+48729686166;Замовлення №10044
068 062-03-88;Замовлення №10045
+380 96 705 4756;Замовлення №10046
+999123456789;Замовлення №10047
+380677945200;Замовлення №10048
380987377479;Замовлення №10049
+380959734552;Замовлення №10050
+380660166647;Замовлення №10051
+380633369008;Замовлення №10052
067 058-49-38;Замовлення №10053
12345;Замовлення №10054
+380737281872;Замовлення №10055
+380994013849;Замовлення №10056
+380978721354;Замовлення №10057
380631239944;Замовлення №10058
+380986853274;Замовлення №10059
+380959734552;Замовлення №10060
073 582-24-75;Замовлення №10061
380509041572;Замовлення №10062
+380 96 705 4756;Замовлення №10063
+380738229387;Замовлення №10064
380951976460;Замовлення №10065
+380633301107;Замовлення №10066
380507263916;Замовлення №10067
380631291234;Замовлення №10068
+380984516557;Замовлення №10069
+37368520886;Замовлення №10070
+380683317833;Замовлення №10071
+48668133595;Замовлення №10072
380503087853;Замовлення №10073
+380958152102;Замовлення №10074
+380936958135;Замовлення №10075
+380 99 326 2756;Замовлення №10076
+380686800357;Замовлення №10077
+380674044128;Замовлення №10078
+380637450364;Замовлення №10079
(096) 293 5838;Замовлення №10080
(096) 234 7059;Замовлення №10081
+380986363437;Замовлення №10082
+380732522102;Замовлення №10083
380507263916;Замовлення №10084
+380 96 026 5753;Замовлення №10085
+380959734552;Замовлення №10086
+380 95 591 5388;Замовлення №10087
(096) 994 6653;Замовлення №10088
067-12;Замовлення №10089
+380675035058;Замовлення №10090
+380961857911;Замовлення №10091
48505754976;Замовлення №10092
+380 96 318 9942;Замовлення №10093
+380506180329;Замовлення №10094
380938933846;Замовлення №10095
+380985748060;Замовлення №10096
099 596-21-00;Замовлення №10097
+380 68 776 9365;Замовлення №10098
+380633620816;Замовлення №10099
+380500828103;Замовлення №10100
+380505425195;Замовлення №10101
0037378080524;Замовлення №10102
+380739528445;Замовлення №10103
(097) 442 2436;Замовлення №10104
+380957424584;Замовлення №10105
098 584-72-32;Замовлення №10106
0037360001659;Замовлення №10107
098 917-52-90;Замовлення №10108
+380934479592;Замовлення №10109
+380502630346;Замовлення №10110
37378603918;Замовлення №10111
+380951278208;Замовлення №10112
+380956158118;Замовлення №10113
+380680936890;Замовлення №10114
+380930424656;Замовлення №10115
063 778-60-45;Замовлення №10116
+380 97 905 8434;Замовлення №10117
063 358-20-81;Замовлення №10118
(067) 523 5933;Замовлення №10119
380989266897;Замовлення №10120
+380636963783;Замовлення №10121
+380674688424;Замовлення №10122
073 694-92-69;Замовлення №10123
+380994148407;Замовлення №10124
37368541375;Замовлення №10125
+380734818449;Замовлення №10126
0037369850619;Замовлення №10127
+380507285170;Замовлення №10128
+380736387479;Замовлення №10129
+380957754963;Замовлення №10130
48668868542;Замовлення №10131
+380 96 706 6658;Замовлення №10132
093 199-65-14;Замовлення №10133
095 363-80-76;Замовлення №10134
380984197223;Замовлення №10135
068 641-31-23;Замовлення №10136
+380992036622;Замовлення №10137
+380999830757;Замовлення №10138
+380 67 367 7218;Замовлення №10139
+380676549771;Замовлення №10140
+380666815281;Замовлення №10141
(098) 272 5918;Замовлення №10142
+380507012620;Замовлення №10143
+380937257034;Замовлення №10144
12345;Замовлення №10145
+380991432765;Замовлення №10146
+380980715914;Замовлення №10147
380507263916;Замовлення №10148
+380955376738;Замовлення №10149
380968871450;Замовлення №10150
+380506296961;Замовлення №10151
+380935970565;Замовлення №10152
+380501076032;Замовлення №10153
+380936478627;Замовлення №10154
+999123456789;Замовлення №10155
+380960246060;Замовлення №10156
+380673230963;Замовлення №10157
+380984888373;Замовлення №10158
097 357-05-44;Замовлення №10159
+380680788382;Замовлення №10160
+380982003659;Замовлення №10161
+380737336197;Замовлення №10162
+380984734697;Замовлення №10163
+380996364244;Замовлення №10164
+48666488079;Замовлення №10165
+380 63 037 5046;Замовлення №10166
+48794236367;Замовлення №10167
+380666319198;Замовлення №10168
380951466311;Замовлення №10169
+380660326347;Замовлення №10170
099 365-64-96;Замовлення №10171
+380 00 000 00 00;Замовлення №10172
380971297298;Замовлення №10173
+380679200810;Замовлення №10174
+380500864112;Замовлення №10175
+380952546414;Замовлення №10176
+380733524072;Замовлення №10177
+380 97 905 8434;Замовлення №10178
+37369282804;Замовлення №10179
+380668349820;Замовлення №10180
380508808166;Замовлення №10181
+380939166760;Замовлення №10182
+380673197053;Замовлення №10183
+380 98 167 6356;Замовлення №10184
+380 98 584 7232;Замовлення №10185
+380 68 745 8974;Замовлення №10186
+380956161755;Замовлення №10187
+380 50 638 9470;Замовлення №10188
380968310112;Замовлення №10189
+380631153894;Замовлення №10190
+380995450877;Замовлення №10191
380631843281;Замовлення №10192
+380631313104;Замовлення №10193
(067) 757 7156;Замовлення №10194
+380673412021;Замовлення №10195
099 722-08-29;Замовлення №10196
+999123456789;Замовлення №10197
+380 98 278 2952;Замовлення №10198
+380669200950;Замовлення №10199
+37368010388;Замовлення №10200
(066) 703 4601;Замовлення №10201
+380671041656;Замовлення №10202
(096) 411 9562;Замовлення №10203
+380 73 638 1816;Замовлення №10204
0048667606809;Замовлення №10205
+380688113525;Замовлення №10206
+380930735279;Замовлення №10207
+380997795030;Замовлення №10208
(068) 437 0174;Замовлення №10209
(066) 177 6282;Замовлення №10210
+380980421351;Замовлення №10211
+380675708968;Замовлення №10212
(097) 836 7414;Замовлення №10213
073 640-28-69;Замовлення №10214
380988487675;Замовлення №10215
+380630113972;Замовлення №10216
099 604-55-04;Замовлення №10217
+380738864141;Замовлення №10218
067-12;Замовлення №10219
+37368112648;Замовлення №10220
099 612-74-88;Замовлення №10221
12345;Замовлення №10222
(067) 366 9320;Замовлення №10223
+380994303594;Замовлення №10224
+380 98 777 3870;Замовлення №10225
+380996823544;Замовлення №10226
+380 97 905 8434;Замовлення №10227
+380990124799;Замовлення №10228
(093) 901 3686;Замовлення №10229
(096) 719 3965;Замовлення №10230
+380 93 664 8801;Замовлення №10231
+380676415481;Замовлення №10232
+380730238152;Замовлення №10233
+380669707626;Замовлення №10234
+380993584573;Замовлення №10235
(093) 176 0236;Замовлення №10236
+380963082669;Замовлення №10237
380933334448;Замовлення №10238
380500871020;Замовлення №10239
+380686800357;Замовлення №10240
(050) 687 7975;Замовлення №10241
+486 92 208 743;Замовлення №10242
+48664659170;Замовлення №10243
380508673669;Замовлення №10244
+380687309092;Замовлення №10245
+380997662557;Замовлення №10246
+380 50 271 1154;Замовлення №10247
(073) 962 4335;Замовлення №10248
+380733392767;Замовлення №10249
+380934016585;Замовлення №10250
+380507012620;Замовлення №10251
+380995430433;Замовлення №10252
12345;Замовлення №10253
093 337-53-13;Замовлення №10254
050 295-89-65;Замовлення №10255
(068) 168 6907;Замовлення №10256
+48508311319;Замовлення №10257
380687505200;Замовлення №10258
+380979097810;Замовлення №10259
+380730931870;Замовлення №10260
48888315652;Замовлення №10261
0037369947709;Замовлення №10262
063 143-61-00;Замовлення №10263
+380 68 745 8974;Замовлення №10264
+380 68 618 3925;Замовлення №10265
+37378577613;Замовлення №10266
+380679094662;Замовлення №10267
+380937591248;Замовлення №10268
+380930735279;Замовлення №10269
+380 68 093 6890;Замовлення №10270
+380631310880;Замовлення №10271
+380665277465;Замовлення №10272
+380935472118;Замовлення №10273
+37368786456;Замовлення №10274
+380509273161;Замовлення №10275
+380 97 063 7445;Замовлення №10276
+380992343543;Замовлення №10277
+48508311319;Замовлення №10278
(095) 259 5064;Замовлення №10279
12345;Замовлення №10280
+380978603247;Замовлення №10281
+380990875198;Замовлення №10282
+380 00 000 00 00;Замовлення №10283
067-12;Замовлення №10284
380735262125;Замовлення №10285
(066) 733 5491;Замовлення №10286
(066) 629 7077;Замовлення №10287
380957478583;Замовлення №10288
+380684211664;Замовлення №10289
48508026400;Замовлення №10290
+380968090928;Замовлення №10291
+380683609497;Замовлення №10292
+380633049042;Замовлення №10293
+380633336521;Замовлення №10294
+380985543434;Замовлення №10295
+380 63 024 6598;Замовлення №10296
095 166-68-45;Замовлення №10297
+380992036622;Замовлення №10298
063 935-53-70;Замовлення №10299
+380634471351;Замовлення №10300
(067) 707 9692;Замовлення №10301
067 757-71-56;Замовлення №10302
+380631512410;Замовлення №10303
нет номера;Замовлення №10304
+380972732472;Замовлення №10305
+380676594175;Замовлення №10306
+380505879930;Замовлення №10307
+380950583467;Замовлення №10308
+380684318118;Замовлення №10309
+380 99 282 6500;Замовлення №10310
+380 98 791 4724;Замовлення №10311
+380 98 004 4135;Замовлення №10312
(099) 052 0361;Замовлення №10313
380731606589;Замовлення №10314
380935036758;Замовлення №10315
abc;Замовлення №10316
096 144-02-04;Замовлення №10317
+380975653005;Замовлення №10318
+380974843621;Замовлення №10319
+380952161876;Замовлення №10320
0037368129223;Замовлення №10321
380731802509;Замовлення №10322
+380932026471;Замовлення №10323
+380670769087;Замовлення №10324
093 444-18-62;Замовлення №10325
+380984194091;Замовлення №10326
0048505754976;Замовлення №10327
37368307085;Замовлення №10328
+373 79 101 992;Замовлення №10329
098 917-52-90;Замовлення №10330
+380958657105;Замовлення №10331
380932337972;Замовлення №10332
(073) 806 4476;Замовлення №10333
(066) 969 6958;Замовлення №10334
0048792531213;Замовлення №10335
+380961000538;Замовлення №10336
+380934530087;Замовлення №10337
+380 93 847 0195;Замовлення №10338
+380661856120;Замовлення №10339
(067) 282 0768;Замовлення №10340
+485 10 445 341;Замовлення №10341
(095) 431 2329;Замовлення №10342
380955915388;Замовлення №10343
+380733850735;Замовлення №10344
+380996107873;Замовлення №10345
(093) 373 1851;Замовлення №10346
+380 93 532 4303;Замовлення №10347
48695211879;Замовлення №10348
068 351-48-39;Замовлення №10349
37360497836;Замовлення №10350
+373 79 507 809;Замовлення №10351
(050) 604 0295;Замовлення №10352
+380634408874;Замовлення №10353
+380685718087;Замовлення №10354
+380975106795;Замовлення №10355
380683431837;Замовлення №10356
093 158-37-29;Замовлення №10357
+380993656496;Замовлення №10358
+380637559629;Замовлення №10359
+380508872385;Замовлення №10360
+380687801140;Замовлення №10361
+380 63 129 1234;Замовлення №10362
+380 63 717 5121;Замовлення №10363
12345;Замовлення №10364
+48667606809;Замовлення №10365
+380996605100;Замовлення №10366
380684135453;Замовлення №10367
050 160-78-62;Замовлення №10368
+380967461113;Замовлення №10369
+380937847559;Замовлення №10370
+380 66 687 9717;Замовлення №10371
+380 68 072 7258;Замовлення №10372
+999123456789;Замовлення №10373
+380676419212;Замовлення №10374
+380630113972;Замовлення №10375
+380936759999;Замовлення №10376
+380970880142;Замовлення №10377
48729504494;Замовлення №10378
+380504966023;Замовлення №10379
380935601244;Замовлення №10380
+380673101456;Замовлення №10381
+380734503875;Замовлення №10382
050 714-20-18;Замовлення №10383
+380930749230;Замовлення №10384
(066) 849 3004;Замовлення №10385
+487 98 591 254;Замовлення №10386
380956493357;Замовлення №10387
050 295-89-65;Замовлення №10388
067-12;Замовлення №10389
380687309092;Замовлення №10390
+380984610398;Замовлення №10391
+380 93 547 2118;Замовлення №10392
+380984918482;Замовлення №10393
+380 97 703 7127;Замовлення №10394
+380687455317;Замовлення №10395
380638178400;Замовлення №10396
+380680512624;Замовлення №10397
380973830150;Замовлення №10398
48726782799;Замовлення №10399
067 127-59-06;Замовлення №10400
+380678006009;Замовлення №10401
+380954481858;Замовлення №10402
+380667034601;Замовлення №10403
+373 68 129 223;Замовлення №10404
+380639790410;Замовлення №10405
+380994027999;Замовлення №10406
+380 99 722 0829;Замовлення №10407
+380970862848;Замовлення №10408
+380634728115;Замовлення №10409
097 145-96-27;Замовлення №10410
+380938470607;Замовлення №10411
066 725-15-33;Замовлення №10412
(096) 086 7203;Замовлення №10413
+380979634210;Замовлення №10414
(099) 874 6674;Замовлення №10415
+380971302867;Замовлення №10416
+380970020205;Замовлення №10417
095 481-18-31;Замовлення №10418
+380633620816;Замовлення №10419
+485 18 973 799;Замовлення №10420
(066) 598 8859;Замовлення №10421
+380933513840;Замовлення №10422
099 612-74-88;Замовлення №10423
+380736381816;Замовлення №10424
+380950967754;Замовлення №10425
+380736518739;Замовлення №10426
380660783014;Замовлення №10427
+380663024046;Замовлення №10428
+380983266041;Замовлення №10429
+380985661880;Замовлення №10430
380689045154;Замовлення №10431
+380682982902;Замовлення №10432
380660475142;Замовлення №10433
+380 93 019 7332;Замовлення №10434
067 722-92-62;Замовлення №10435
380963932062;Замовлення №10436
+380986003364;Замовлення №10437
0037360509708;Замовлення №10438
+380930749230;Замовлення №10439
(095) 784 5079;Замовлення №10440
+37379900860;Замовлення №10441
(068) 178 5377;Замовлення №10442
+380681257069;Замовлення №10443
+380630615185;Замовлення №10444
+380680788382;Замовлення №10445
+380963416507;Замовлення №10446
(073) 774 2335;Замовлення №10447
+37360078257;Замовлення №10448
+37368351089;Замовлення №10449
+380676456158;Замовлення №10450
+380676968360;Замовлення №10451
0037379507809;Замовлення №10452
380671142994;Замовлення №10453
380966903372;Замовлення №10454
068 534-57-04;Замовлення №10455
+380687309092;Замовлення №10456
+380674111511;Замовлення №10457
380995839452;Замовлення №10458
+380978466507;Замовлення №10459
380671869211;Замовлення №10460
097 812-12-78;Замовлення №10461
0037369496246;Замовлення №10462
380965016882;Замовлення №10463
(093) 901 3686;Замовлення №10464
+380636225963;Замовлення №10465
+380734134731;Замовлення №10466
380973774441;Замовлення №10467
+380 98 328 8358;Замовлення №10468
12345;Замовлення №10469
+380 68 490 3996;Замовлення №10470
+380 68 093 6890;Замовлення №10471
+380633631371;Замовлення №10472
(073) 147 2043;Замовлення №10473
+380 97 735 5132;Замовлення №10474
(096) 908 2106;Замовлення №10475
+380933848693;Замовлення №10476
+380639074202;Замовлення №10477
+999123456789;Замовлення №10478
+380970389983;Замовлення №10479
098 072-30-74;Замовлення №10480
+380984239522;Замовлення №10481
+380 73 959 5385;Замовлення №10482
+380668520368;Замовлення №10483
(099) 266 2515;Замовлення №10484
+380994114657;Замовлення №10485
+380984755741;Замовлення №10486
(096) 294 1788;Замовлення №10487
066 703-46-01;Замовлення №10488
+380680027514;Замовлення №10489
+380688669504;Замовлення №10490
+380 66 216 6084;Замовлення №10491
+380 00 000 00 00;Замовлення №10492
380736949269;Замовлення №10493
068 571-80-87;Замовлення №10494
098 697-40-42;Замовлення №10495
(095) 854 3985;Замовлення №10496
+37368989274;Замовлення №10497
+380 98 588 6659;Замовлення №10498
+380 93 653 1735;Замовлення №10499
